[
  {
    "Id": "0",
    "Name": "Photon Particle Editor Sample",
    "DevelopmentStatus": "Alpha",
    "Description": "I've been working on some tools for Helium for a short while. I have also added particle support to our in house development of Helium that will be released soon.\n\nHere is a small sample of things to come. \n\nThis is the Photon Particle Editor, for now you can only use it inside of the editor but in the future the .particle files it produces can be used in Helium as a quick means of making particle emitter templates.\n\n\n[image:http://img839.imageshack.us/img839/1796/photonsample.png]",
    "ReleasedDatge": "0001-01-01T00:00:00",
    "ModifiedDate": "2010-08-16T20:49:51.493-07:00",
    "Files": [
      {
        "Id": "96c86a71-69eb-4053-8f70-27d6b15d9935",
        "FileName": "PhotonSample.zip",
        "Url": "./0/96c86a71-69eb-4053-8f70-27d6b15d9935",
        "Type": "Application",
        "UploadDate": "2010-08-16T20:44:08.56-07:00"
      }
    ]
  },
  {
    "Id": "1",
    "Name": "A.M.S. Beta - Windows",
    "DevelopmentStatus": "Beta",
    "Description": "A Beta release of one of the games that the Helium engine was designed for. \n\nThe final release of this game will go out over Windows Phone 7 Marketplace.",
    "ReleasedDatge": "0001-01-01T00:00:00",
    "ModifiedDate": "2010-06-13T09:39:00.78-07:00",
    "Files": [
      {
        "Id": "b66a5c40-0957-495b-b3ed-4a01e2bbaa4b",
        "FileName": "Name.ccgame",
        "Url": "./1/b66a5c40-0957-495b-b3ed-4a01e2bbaa4b",
        "Type": "Application",
        "UploadDate": "2010-06-13T09:39:00.513-07:00"
      }
    ]
  },
  {
    "Id": "2",
    "Name": "Initial Release",
    "DevelopmentStatus": "Beta",
    "Description": "This is the initial release of the Helium Engine. \n\nPlease check out the documentation link for information on how to use the engine.\n\nTo see a full game made with this engine please check out the other downloads.",
    "ReleasedDatge": "0001-01-01T00:00:00",
    "ModifiedDate": "2010-06-15T07:05:52.34-07:00",
    "Files": []
  }
]