[
  {
    "Title": "Home",
    "Id": "306257",
    "ParentWikiTitle": "Home",
    "FileExtension": "codeplexwiki",
    "UpdatedDate": "2010-08-17T06:44:40.503-07:00",
    "FileAttachments": [
      {
        "Id": "4f2ccb79-8f4f-4777-b01f-e3734e377fba",
        "FileName": "breakoutSample.png",
        "DownloadUri": "./306257/4f2ccb79-8f4f-4777-b01f-e3734e377fba"
      },
      {
        "Id": "ae6adb4e-70a6-40e3-8c0a-ded8ce8d254e",
        "FileName": "PixelBoardSample.png",
        "DownloadUri": "./306257/ae6adb4e-70a6-40e3-8c0a-ded8ce8d254e"
      }
    ]
  },
  {
    "Title": "Helium Getting Started Tutorial",
    "Id": "276284",
    "ParentWikiTitle": "Documentation",
    "FileExtension": "codeplexwiki",
    "UpdatedDate": "2010-06-03T11:03:51.28-07:00",
    "FileAttachments": []
  },
  {
    "Title": "Helium GameStates",
    "Id": "275395",
    "ParentWikiTitle": "Documentation",
    "FileExtension": "codeplexwiki",
    "UpdatedDate": "2010-06-01T06:35:15.967-07:00",
    "FileAttachments": []
  },
  {
    "Title": "Documentation",
    "Id": "275390",
    "ParentWikiTitle": "Documentation",
    "FileExtension": "codeplexwiki",
    "UpdatedDate": "2010-06-01T06:33:01.643-07:00",
    "FileAttachments": []
  }
]
