[
  {
    "Id": "97132",
    "ThreadId": "29158",
    "Html": "Please add in some melee attacks, like sucker punch or something.&nbsp; Or maybe a baseball bat or chainsaw. :)&nbsp; Love your&nbsp;game!&nbsp;\r\n",
    "PostedDate": "2008-06-05T15:20:25.693-07:00",
    "UserRole": null,
    "MarkedAsAnswerDate": null
  },
  {
    "Id": "97842",
    "ThreadId": "29158",
    "Html": "&quot;Flame Thrower&quot; is coming.&nbsp; It won't be a true melee attack but will be close enough. You'll aim it like any other weapon and it will &quot;shoot&quot; very close to you its almost a chainsaw.\r\n",
    "PostedDate": "2008-06-09T18:40:44.95-07:00",
    "UserRole": null,
    "MarkedAsAnswerDate": null
  },
  {
    "Id": "107196",
    "ThreadId": "29158",
    "Html": "Beautiful!&nbsp; The updates are amazing.&nbsp; The AI even got smarter!&nbsp; Although, the AI does need to tell them to get out of and not walk in fire.\r\n",
    "PostedDate": "2008-07-25T17:16:09.81-07:00",
    "UserRole": null,
    "MarkedAsAnswerDate": null
  }
]