[
  {
    "Title": "Home",
    "Id": "99188",
    "ParentWikiTitle": "",
    "FileExtension": "codeplexwiki",
    "UpdatedDate": "2008-06-27T07:12:11.093-07:00",
    "FileAttachments": [
      {
        "Id": "5638d4c7-c9d2-496e-b655-6342ac668783",
        "FileName": "Player.JPG",
        "DownloadUri": "./99188/5638d4c7-c9d2-496e-b655-6342ac668783"
      },
      {
        "Id": "18db6600-79d5-4bab-a886-c9e0949ff482",
        "FileName": "Shooting.JPG",
        "DownloadUri": "./99188/18db6600-79d5-4bab-a886-c9e0949ff482"
      },
      {
        "Id": "fd5fbb90-9b45-4bf9-b731-1bd0428ab70d",
        "FileName": "shot.JPG",
        "DownloadUri": "./99188/fd5fbb90-9b45-4bf9-b731-1bd0428ab70d"
      },
      {
        "Id": "666112b7-024f-4dfc-b5b0-85c8f107cdd0",
        "FileName": "title.JPG",
        "DownloadUri": "./99188/666112b7-024f-4dfc-b5b0-85c8f107cdd0"
      },
      {
        "Id": "3ba4b65f-0f33-4aaa-a0ba-098051efb676",
        "FileName": "weaponselection.JPG",
        "DownloadUri": "./99188/3ba4b65f-0f33-4aaa-a0ba-098051efb676"
      }
    ]
  }
]
